id,disclosure,product,authenticity,trust,purchase_intent
1,No_AI,Search,5.407481374089407,5.5044928422540504,5.648439313480022
2,No_AI,Search,5.259117043528569,4.860838837192528,5.013338455887046
3,No_AI,Search,4.317182407706058,4.903545863881472,4.850111555983551
4,No_AI,Search,4.924124633284233,5.092949467065691,4.531685149269466
5,No_AI,Search,5.13148898323217,5.511622246005217,5.1395062411703325
6,No_AI,Search,6.345697780975133,6.391372645741913,5.698444603810624
7,No_AI,Search,5.774894631654769,5.205418199862779,6.282384222154727
8,No_AI,Search,4.089567875709813,3.9915637804693658,4.631835315736737
9,No_AI,Search,5.759267175515836,5.9810605429743,5.6918821687621435
10,No_AI,Search,5.191934175666947,5.45873247325029,4.82684662911444
11,No_AI,Search,4.958462399755233,4.956319122822113,4.633753083002395
12,No_AI,Search,5.989341031072694,5.8501365165125465,5.2908138871698815
13,No_AI,Search,6.324799617996761,6.698672142291621,6.070996270462864
14,No_AI,Search,6.245024095292959,5.700233581816453,5.452325320601592
15,No_AI,Search,4.828625981421889,5.1364494757225305,5.100017988680623
16,No_AI,Search,5.2526300993190285,5.101007753238276,6.604358618643223
17,No_AI,Search,5.765010745122851,5.50316799448467,6.068793739475895
18,No_AI,Search,6.280436101697887,6.573737307351905,5.540045188501243
19,No_AI,Search,5.116660609723768,5.506036662273029,5.910846111349022
20,No_AI,Search,5.351472818668946,5.6879330729354765,4.925230930086282
21,No_AI,Search,4.614932020795178,5.344685020213307,3.3422720378526085
22,No_AI,Search,4.543034700735463,4.64492968140475,4.020160402799095
23,No_AI,Search,6.150020657915358,6.260993011979768,4.380458050031116
24,No_AI,Search,6.5849920228566585,6.112860239988599,5.704935774885079
25,No_AI,Search,5.442391902735733,5.515996698432808,5.278328007074126
26,No_AI,Search,6.3028263183136195,5.977189527467054,6.955201909580869
27,No_AI,Search,5.789308820038107,5.679945038526845,5.702434453657778
28,No_AI,Search,4.9839041963159,5.284701869771177,4.836972147623335
29,No_AI,Search,5.7891164844067315,5.22218284590865,6.054053797472481
30,No_AI,Search,6.730429253172775,7.0,4.490462835598145
31,No_AI,Search,5.4713391687120385,4.87406264421978,5.4477336919032195
32,No_AI,Search,6.751714924651205,5.794277633327098,6.590634590511599
33,No_AI,Search,3.4042039167282043,4.302418570132597,3.0075119779910335
34,No_AI,Search,6.157522003500179,6.321848949781612,6.495141032344957
35,No_AI,Search,5.5696376545905375,5.7677700321985075,5.578730078000412
36,No_AI,Search,5.260794119627306,5.522808050333985,4.865774932045823
37,No_AI,Search,5.573408621228402,5.452603510559264,5.78699247901144
38,No_AI,Search,3.9099448683192857,3.679328708912513,5.935451921454648
39,No_AI,Search,5.324262489729991,5.297312270880855,5.321863872378941
40,No_AI,Search,5.785690057209397,5.289971190011462,5.645168444735873
41,No_AI,Search,6.682315235793213,6.833412055343446,5.687836511797757
42,No_AI,Search,5.085383825381082,4.994778369553797,4.456339236603295
43,No_AI,Experience,4.85320511768545,4.469815495752105,5.493158142192241
44,No_AI,Experience,5.098594365132371,4.9181825712794,4.459897940943216
45,No_AI,Experience,6.2323216941616595,6.192323082467141,5.78948938255057
46,No_AI,Experience,5.763000887727747,5.32853843378021,5.123440319901067
47,No_AI,Experience,5.076191836986369,4.64984327180588,5.381000980214296
48,No_AI,Experience,5.910613946490685,5.850334762938504,5.779931841595275
49,No_AI,Experience,5.577662039478432,5.5846129171371075,6.072875184667589
50,No_AI,Experience,6.274915992426312,5.766461206255485,5.407938116257464
51,No_AI,Experience,4.938357524898118,4.715166867109334,4.774102060233511
52,No_AI,Experience,5.237870282721786,5.306321194856247,4.457587568585456
53,No_AI,Experience,5.186313477494274,4.425008611246757,4.800782804443286
54,No_AI,Experience,4.329188041494305,3.7596185460071663,4.861623170027979
55,No_AI,Experience,5.736896221651661,5.230294866695111,5.972029764642743
56,No_AI,Experience,5.708844217743912,5.4603517983392065,4.779790803722009
57,No_AI,Experience,5.504090765313968,5.558726395050177,5.911178603262343
58,No_AI,Experience,5.312330293299882,5.987542343114683,6.136344677143395
59,No_AI,Experience,4.367703406359668,4.922992536688745,4.9100264760723915
60,No_AI,Experience,5.163483741787712,5.050817728448457,6.411847313863273
61,No_AI,Experience,5.225828386778584,5.171154605471523,4.59384459269465
62,No_AI,Experience,4.858178184622705,4.38527786537926,4.043648618455631
63,No_AI,Experience,5.3709714306671925,5.28752057653756,3.9774786841673206
64,No_AI,Experience,5.823240685451631,5.514263228901235,6.541175429313407
65,No_AI,Experience,7.0,6.761359280169045,6.658055959447841
66,No_AI,Experience,5.639662250265471,5.098114328436216,5.344888080521963
67,No_AI,Experience,5.706040312578211,5.824505507183155,5.619602225970801
68,No_AI,Experience,5.440443267387066,6.118724070410941,4.476423627323376
69,No_AI,Experience,3.9649830277607667,4.1176063479801845,6.091016202388238
70,No_AI,Experience,5.478788899640627,5.583886980761972,5.377728167167035
71,No_AI,Experience,5.548184167952821,5.783619330217814,5.405486856995118
72,No_AI,Experience,7.0,6.399389764057083,6.708036636729085
73,No_AI,Experience,5.346111228175102,5.38893522344529,5.544373199120761
74,No_AI,Experience,5.74123787386689,5.59928649948441,5.601461541315526
75,No_AI,Experience,5.472230584235805,5.42662251666306,4.730006231729765
76,No_AI,Experience,4.565057569904374,4.265541163995766,5.0690623919378215
77,No_AI,Experience,6.414258251612017,6.143661688419085,7.0
78,No_AI,Experience,6.10154642614942,6.130236286542261,6.602721887998136
79,No_AI,Experience,6.132825557634438,6.631832250005072,6.79492597322824
80,No_AI,Experience,4.772490036164209,5.297627441973971,4.505643048196696
81,No_AI,Experience,6.62223544874888,7.0,5.280617895068321
82,No_AI,Experience,4.378519149766175,4.119141538368916,4.539060645789951
83,No_AI,Experience,5.969485675040216,6.211748858392513,5.620698843626216
84,No_AI,Experience,7.0,6.691671002869176,6.965934062929664
85,Assisted,Search,3.707570939895449,5.060958218525196,3.039817323136896
86,Assisted,Search,4.046961816317783,3.8334203103766504,5.498862313413099
87,Assisted,Search,4.579721092070113,4.243915952565702,4.637227126236775
88,Assisted,Search,4.097219476707041,3.978079258643622,4.15951493706103
89,Assisted,Search,3.259469255147094,2.5456275419627716,3.247208490406139
90,Assisted,Search,4.554850379844821,4.381002793035477,3.574510557600854
91,Assisted,Search,3.650157029019116,3.540559292438444,4.766313626184809
92,Assisted,Search,4.878873944508145,4.97829604884462,4.97864694373677
93,Assisted,Search,3.7644606126129574,4.182446477978946,3.3557037377490366
94,Assisted,Search,5.739947524014032,6.530043438819169,4.537413373963888
95,Assisted,Search,3.87339736613101,4.573929811997834,4.088989130175516
96,Assisted,Search,4.242350787035459,4.105428801797165,5.71372553992385
97,Assisted,Search,5.150813773895736,4.67144368344241,4.9087743183829184
98,Assisted,Search,3.515308546852836,4.0582064232355215,3.056985060929027
99,Assisted,Search,4.681967947683304,4.085457754636322,4.637160623749821
100,Assisted,Search,5.545714203425943,6.3523007456679315,5.136522023232197
101,Assisted,Search,3.214013412351018,4.160930790241458,2.0405873973515107
102,Assisted,Search,4.647707086825843,4.483577843408322,4.7506178455330375
103,Assisted,Search,4.707906235398739,3.9097577237735526,4.6630895700931685
104,Assisted,Search,5.125458297421848,5.777302825020186,5.562619433822501
105,Assisted,Search,3.5104394312975344,3.7510816224117187,5.400532925240261
106,Assisted,Search,3.4436347095325788,4.373815923612794,4.854776346402977
107,Assisted,Search,4.917553252493518,4.136828772597632,4.76230986810773
108,Assisted,Search,4.737587738586549,4.4903826793923525,4.06798450703276
109,Assisted,Search,4.700394280276702,4.762937274080453,6.621588430440923
110,Assisted,Search,4.7771585675975805,4.845217150960435,4.90774804436869
111,Assisted,Search,3.955980222737207,3.9397514424501443,4.383338637981387
112,Assisted,Search,4.685802957728803,5.060067332356792,4.794594213660279
113,Assisted,Search,4.734457978638945,4.253756168219859,4.979334119720866
114,Assisted,Search,3.928518865578906,4.071625349952479,4.256059031000584
115,Assisted,Search,5.992619608915805,5.854243502988594,5.194008360533317
116,Assisted,Search,4.87906633672943,5.160472486412918,4.544638543169383
117,Assisted,Search,3.546957202237881,4.19337320083475,4.10524703219153
118,Assisted,Search,5.025242886907064,4.457873263606717,4.634748392350603
119,Assisted,Search,3.720254663818143,3.2091466456867037,3.7331607504168707
120,Assisted,Search,5.129667682993961,5.742572557344424,5.1523017691807045
121,Assisted,Search,5.426876463205923,5.507658176554536,5.077641825728955
122,Assisted,Search,3.8434541453186317,3.700520047976629,5.35886757919906
123,Assisted,Search,5.270700903395458,5.992136710477627,3.3067416761621664
124,Assisted,Search,4.830224741549198,4.922017110385788,5.662189641275242
125,Assisted,Search,5.157648127995592,5.7157670944283865,5.966848511545695
126,Assisted,Search,6.017434386123158,5.8477067496035815,4.15908746898819
127,Assisted,Experience,3.3036895071977037,4.673325568199157,3.742332388462378
128,Assisted,Experience,2.8970110685140082,4.195279276032808,3.478198034911351
129,Assisted,Experience,2.7883884562995815,3.1062286908001284,2.687774887477274
130,Assisted,Experience,2.8473517720276496,3.7636668930992974,3.163939381902977
131,Assisted,Experience,3.4383186324687167,4.073342880767547,3.28558808765515
132,Assisted,Experience,3.772921579853315,4.702653042648826,5.490342258308525
133,Assisted,Experience,3.721352639464015,3.49462038128116,4.8877864588816315
134,Assisted,Experience,4.161746599228819,4.672423009382275,5.387136526033203
135,Assisted,Experience,3.5104015135023254,4.337533454226655,4.611411352931659
136,Assisted,Experience,4.6628272617258535,3.8508920661691257,4.007360117183452
137,Assisted,Experience,3.288274533409635,3.0389903703948207,3.6058005336499397
138,Assisted,Experience,5.676135333271695,4.5212921777373065,5.748243392822559
139,Assisted,Experience,4.000533878212005,4.065723685347326,3.544830860702841
140,Assisted,Experience,2.814273954866974,3.6101902917915605,4.1876632740408555
141,Assisted,Experience,2.64328600155111,3.865807327288902,3.417743822219972
142,Assisted,Experience,3.8859779321945482,4.145829735965527,4.06921219403201
143,Assisted,Experience,3.3212297717393193,4.471291590177102,4.490409840786036
144,Assisted,Experience,4.0712003952736735,3.566909587111493,4.753704555204432
145,Assisted,Experience,3.878590099658836,3.251180860049492,4.074477743721945
146,Assisted,Experience,3.441736869874502,3.7256156464512924,4.876572984279674
147,Assisted,Experience,2.822565025545276,3.4500847449058742,2.9367946860072376
148,Assisted,Experience,2.2881222202513083,2.8141504021540005,3.8040282570117694
149,Assisted,Experience,3.1427880383463833,2.4805093806571685,4.300843703585699
150,Assisted,Experience,4.1851190354587775,4.3035352086106275,4.294388913755474
151,Assisted,Experience,3.671274995304163,3.2847852459909044,4.43105811275198
152,Assisted,Experience,2.5034089770304098,3.337563456039347,2.626265882748534
153,Assisted,Experience,3.6385447406809455,4.09413491559318,4.829945757853398
154,Assisted,Experience,3.8082539037830694,3.5766632298627785,4.1555208467597495
155,Assisted,Experience,2.7929140510390935,2.977397782162928,3.3098423162601285
156,Assisted,Experience,3.6229800847564224,3.3687773068606623,4.9080945089396755
157,Assisted,Experience,3.5465669747568,3.805914031168854,3.6348996014741486
158,Assisted,Experience,2.5856237617355013,3.5460701696390204,2.5654513495868088
159,Assisted,Experience,3.7862298882786267,3.5361208874551298,3.1820975115004435
160,Assisted,Experience,3.9486276210945874,4.410925354634593,4.7933835385987
161,Assisted,Experience,4.366440994540222,4.228023986445957,3.723564049976735
162,Assisted,Experience,4.343041641627923,4.077996897171166,5.834180912365809
163,Assisted,Experience,2.397864505634327,2.864776424530183,1.9813681178619909
164,Assisted,Experience,2.7497399680679018,2.6821708132446345,4.837363438643767
165,Assisted,Experience,3.912028213766928,3.8527979183399514,4.494929155301989
166,Assisted,Experience,3.911028760729767,3.5298840622893897,4.278918078128585
167,Assisted,Experience,3.912038149044838,5.111993085694065,3.9657795286606383
168,Assisted,Experience,6.582185192523777,6.2833799300048865,6.228706395560716
169,Generated,Search,3.9567124085545338,3.815507172847335,4.347683153435327
170,Generated,Search,4.408452512144479,4.633751965082695,5.417382824698253
171,Generated,Search,4.2632014107945615,4.354397103790235,4.637880200540165
172,Generated,Search,4.021113001044639,4.1064056010691,4.517879033650097
173,Generated,Search,3.2477846042877236,3.9053110334518917,3.6941422140229347
174,Generated,Search,4.107175376394614,4.664494156139344,4.424443289232022
175,Generated,Search,2.8817398283699425,3.0401412888906902,3.944505135246407
176,Generated,Search,3.3105451146079927,3.360526971364054,2.7892091939051578
177,Generated,Search,3.111709161736717,3.351841480813552,2.9232957015680308
178,Generated,Search,3.565499311509058,2.701438866839454,4.659584452721335
179,Generated,Search,5.351726853338807,4.52378595157177,5.330641918692843
180,Generated,Search,2.0061878459266014,3.2883874104635433,3.0749243721090855
181,Generated,Search,4.049008152299611,5.061690378590331,4.442308644525541
182,Generated,Search,2.2098273030482787,2.6433438226604338,3.5692035755821365
183,Generated,Search,3.1224545073684533,3.7862420874226457,3.495640928204519
184,Generated,Search,4.371160477573893,4.652553459330883,4.077882978762717
185,Generated,Search,3.5514240152763703,5.380579616448715,4.267946087734199
186,Generated,Search,2.6378041776565553,3.6700307978425326,2.8978215622634105
187,Generated,Search,2.9277570325920252,3.278246830333237,4.0424311485553455
188,Generated,Search,4.043678199147741,3.75717233901798,3.234398396522156
189,Generated,Search,2.915706694626291,2.5293421955722466,4.469832962903725
190,Generated,Search,3.67316687166558,4.040265315266076,4.534718360688478
191,Generated,Search,3.536457471923051,3.4509906048962895,4.301095297173543
192,Generated,Search,2.9787197219153465,2.67184892273344,4.475115521911068
193,Generated,Search,5.215155271460261,4.848837775046945,6.29492527399996
194,Generated,Search,4.007135217854409,3.66493417247633,5.114340176225337
195,Generated,Search,1.8798859306739142,3.3474795620754136,1.839319596472197
196,Generated,Search,3.649163451815542,4.360150639927159,3.293794194374334
197,Generated,Search,2.9705708281852896,3.3724703418899233,3.344969492524198
198,Generated,Search,4.181946667836979,5.085529403714597,4.527431735849771
199,Generated,Search,2.8659834092538397,3.331470881226881,4.08195135988069
200,Generated,Search,3.408210846826481,3.295926576797053,3.5369058388884627
201,Generated,Search,3.9039898231843657,4.884753897182321,4.473130629044574
202,Generated,Search,4.192604155336097,4.623538346111207,3.9867944405543323
203,Generated,Search,2.539762874355379,2.513187222321075,3.0957952625188634
204,Generated,Search,3.2323990113272414,3.490749870019989,2.9547766390025894
205,Generated,Search,3.120043751071235,3.0582258741646093,3.2257629783651076
206,Generated,Search,2.9773366139410307,2.6904694256706563,2.840222744433185
207,Generated,Search,4.9123633922248775,5.392979487545723,4.264306758250793
208,Generated,Search,3.8239853687687644,5.0138966152500775,5.031940478886746
209,Generated,Search,2.4912928365319638,2.2937504823160006,2.830196479736818
210,Generated,Search,4.234289557643821,4.668916264460343,6.383241179972466
211,Generated,Experience,3.6977249576101068,3.6328586815271717,4.563957505182687
212,Generated,Experience,2.8259722084409176,3.017215074870386,3.824968611650962
213,Generated,Experience,1.0,1.5038030378805654,1.9991495538731505
214,Generated,Experience,1.6126127417069989,1.8580948085256912,3.457784560610493
215,Generated,Experience,3.013528919349298,3.435083949451852,3.405170873243137
216,Generated,Experience,1.4338644275049752,1.7316164837984613,2.9457255267547384
217,Generated,Experience,2.3550555425169826,3.0192728469035055,5.205092502298346
218,Generated,Experience,2.6197072427434693,3.070646739470207,3.5045824158388266
219,Generated,Experience,1.2584556227375336,1.887290474756822,3.5595647020424934
220,Generated,Experience,1.95237971515056,2.108121941099649,2.6792043315022145
221,Generated,Experience,1.0,1.5116143347158337,2.5755080566521267
222,Generated,Experience,1.180489886932568,2.3220875224589324,3.947854377104398
223,Generated,Experience,1.7979454788854716,2.688814976920568,2.639890346879846
224,Generated,Experience,1.0017734544281205,1.3126411411432208,3.869778063254722
225,Generated,Experience,3.3059290431453086,3.69440938723086,4.4789837807060175
226,Generated,Experience,1.0,2.1756935616858946,2.2062732568740127
227,Generated,Experience,1.647964410642413,1.4836688879532445,3.431464063724312
228,Generated,Experience,2.104592461828873,2.955354065653066,3.9435435918360344
229,Generated,Experience,3.1530186312528925,3.191103025529391,4.327078152303773
230,Generated,Experience,1.0,2.0852993342965798,1.5008426960766805
231,Generated,Experience,2.930531001723968,2.962795223107916,3.2493225779569728
232,Generated,Experience,2.0081864488156698,1.7041081087202763,3.031648824403349
233,Generated,Experience,1.2147930791616393,1.1580632443877301,2.676772447126951
234,Generated,Experience,2.3696827794106166,2.919788696859184,3.8562801359318444
235,Generated,Experience,2.159247756458776,2.857259456027762,3.4199393545285433
236,Generated,Experience,1.5198264982729643,1.7637028860661674,1.9771548478667076
237,Generated,Experience,2.055841667992015,2.963969563782299,3.4996434964993837
238,Generated,Experience,1.691749122510592,1.5226392668739939,3.442459495205031
239,Generated,Experience,2.0908138762009982,2.6396112016371402,3.646341639272327
240,Generated,Experience,2.529704539616837,2.4182555318122416,4.274369231658337
241,Generated,Experience,3.268813452916282,3.2891327084319464,4.545033579934002
242,Generated,Experience,1.0097476009385207,1.8314974164090234,2.927274616023018
243,Generated,Experience,3.7064266997250135,3.534934677138035,4.174740021813955
244,Generated,Experience,1.0,1.6077222278850873,1.4373273465388063
245,Generated,Experience,1.8785719239715335,3.0060039437844472,3.42787590777573
246,Generated,Experience,2.470653765187661,2.688077077388555,3.6277736401267746
247,Generated,Experience,2.224793494188026,3.1976808513829917,3.524981282549577
248,Generated,Experience,1.5018403841435248,1.6366188799860109,2.007380227411898
249,Generated,Experience,1.8335021997141796,2.7317038487289853,2.343361741542724
250,Generated,Experience,1.6055992522729334,3.005263712147297,3.7005665486967927
251,Generated,Experience,1.5285081944446306,1.0,2.8894163089671197
252,Generated,Experience,2.67968167761682,2.745297714358218,4.084859494730929
